[
  {
    "type": "append_statement",
    "named": true,
    "fields": {
      "itab": {
        "multiple": false,
        "required": true,
        "types": [
          {
            "type": "name",
            "named": true
          }
        ]
      },
      "line_spec": {
        "multiple": false,
        "required": true,
        "types": [
          {
            "type": "name",
            "named": true
          }
        ]
      }
    }
  },
  {
    "type": "append_statement_obsolete",
    "named": true,
    "fields": {
      "itab": {
        "multiple": false,
        "required": true,
        "types": [
          {
            "type": "name",
            "named": true
          }
        ]
      }
    }
  },
  {
    "type": "arithmetic_expression",
    "named": true,
    "fields": {},
    "children": {
      "multiple": true,
      "required": true,
      "types": [
        {
          "type": "arithmetic_expression",
          "named": true
        },
        {
          "type": "attribute_access_static",
          "named": true
        },
        {
          "type": "character_literal",
          "named": true
        },
        {
          "type": "field_symbol_name",
          "named": true
        },
        {
          "type": "name",
          "named": true
        },
        {
          "type": "numeric_literal",
          "named": true
        },
        {
          "type": "structured_data_object",
          "named": true
        }
      ]
    }
  },
  {
    "type": "assignment",
    "named": true,
    "fields": {},
    "children": {
      "multiple": true,
      "required": true,
      "types": [
        {
          "type": "arithmetic_expression",
          "named": true
        },
        {
          "type": "attribute_access_static",
          "named": true
        },
        {
          "type": "character_literal",
          "named": true
        },
        {
          "type": "field_symbol_name",
          "named": true
        },
        {
          "type": "name",
          "named": true
        },
        {
          "type": "numeric_literal",
          "named": true
        },
        {
          "type": "structured_data_object",
          "named": true
        },
        {
          "type": "table_expression",
          "named": true
        }
      ]
    }
  },
  {
    "type": "attribute_access_static",
    "named": true,
    "fields": {
      "attribute": {
        "multiple": false,
        "required": true,
        "types": [
          {
            "type": "name",
            "named": true
          }
        ]
      },
      "class": {
        "multiple": false,
        "required": true,
        "types": [
          {
            "type": "name",
            "named": true
          }
        ]
      }
    }
  },
  {
    "type": "bol_comment",
    "named": true,
    "fields": {}
  },
  {
    "type": "call_function",
    "named": true,
    "fields": {
      "exceptions": {
        "multiple": false,
        "required": false,
        "types": [
          {
            "type": "exception_list",
            "named": true
          }
        ]
      },
      "name": {
        "multiple": false,
        "required": true,
        "types": [
          {
            "type": "character_literal",
            "named": true
          }
        ]
      },
      "parameters": {
        "multiple": true,
        "required": false,
        "types": [
          {
            "type": "changing",
            "named": false
          },
          {
            "type": "exporting",
            "named": false
          },
          {
            "type": "importing",
            "named": false
          },
          {
            "type": "parameter_list",
            "named": true
          }
        ]
      }
    }
  },
  {
    "type": "call_method",
    "named": true,
    "fields": {
      "name": {
        "multiple": false,
        "required": true,
        "types": [
          {
            "type": "name",
            "named": true
          }
        ]
      },
      "parameters": {
        "multiple": true,
        "required": false,
        "types": [
          {
            "type": "arithmetic_expression",
            "named": true
          },
          {
            "type": "attribute_access_static",
            "named": true
          },
          {
            "type": "changing",
            "named": false
          },
          {
            "type": "character_literal",
            "named": true
          },
          {
            "type": "exporting",
            "named": false
          },
          {
            "type": "field_symbol_name",
            "named": true
          },
          {
            "type": "importing",
            "named": false
          },
          {
            "type": "name",
            "named": true
          },
          {
            "type": "numeric_literal",
            "named": true
          },
          {
            "type": "parameter_binding",
            "named": true
          },
          {
            "type": "parameter_list",
            "named": true
          },
          {
            "type": "receiving",
            "named": false
          },
          {
            "type": "structured_data_object",
            "named": true
          }
        ]
      }
    }
  },
  {
    "type": "call_method_instance",
    "named": true,
    "fields": {
      "instance_name": {
        "multiple": false,
        "required": true,
        "types": [
          {
            "type": "name",
            "named": true
          }
        ]
      },
      "method_name": {
        "multiple": false,
        "required": true,
        "types": [
          {
            "type": "name",
            "named": true
          }
        ]
      },
      "parameters": {
        "multiple": true,
        "required": false,
        "types": [
          {
            "type": "arithmetic_expression",
            "named": true
          },
          {
            "type": "attribute_access_static",
            "named": true
          },
          {
            "type": "changing",
            "named": false
          },
          {
            "type": "character_literal",
            "named": true
          },
          {
            "type": "exporting",
            "named": false
          },
          {
            "type": "field_symbol_name",
            "named": true
          },
          {
            "type": "importing",
            "named": false
          },
          {
            "type": "name",
            "named": true
          },
          {
            "type": "numeric_literal",
            "named": true
          },
          {
            "type": "parameter_binding",
            "named": true
          },
          {
            "type": "parameter_list",
            "named": true
          },
          {
            "type": "receiving",
            "named": false
          },
          {
            "type": "structured_data_object",
            "named": true
          }
        ]
      }
    }
  },
  {
    "type": "call_method_static",
    "named": true,
    "fields": {
      "class_name": {
        "multiple": false,
        "required": true,
        "types": [
          {
            "type": "name",
            "named": true
          }
        ]
      },
      "method_name": {
        "multiple": false,
        "required": true,
        "types": [
          {
            "type": "name",
            "named": true
          }
        ]
      },
      "parameters": {
        "multiple": true,
        "required": false,
        "types": [
          {
            "type": "arithmetic_expression",
            "named": true
          },
          {
            "type": "attribute_access_static",
            "named": true
          },
          {
            "type": "changing",
            "named": false
          },
          {
            "type": "character_literal",
            "named": true
          },
          {
            "type": "exporting",
            "named": false
          },
          {
            "type": "field_symbol_name",
            "named": true
          },
          {
            "type": "importing",
            "named": false
          },
          {
            "type": "name",
            "named": true
          },
          {
            "type": "numeric_literal",
            "named": true
          },
          {
            "type": "parameter_binding",
            "named": true
          },
          {
            "type": "parameter_list",
            "named": true
          },
          {
            "type": "receiving",
            "named": false
          },
          {
            "type": "structured_data_object",
            "named": true
          }
        ]
      }
    }
  },
  {
    "type": "catch_block",
    "named": true,
    "fields": {},
    "children": {
      "multiple": true,
      "required": true,
      "types": [
        {
          "type": "append_statement",
          "named": true
        },
        {
          "type": "append_statement_obsolete",
          "named": true
        },
        {
          "type": "assignment",
          "named": true
        },
        {
          "type": "call_function",
          "named": true
        },
        {
          "type": "call_method",
          "named": true
        },
        {
          "type": "call_method_instance",
          "named": true
        },
        {
          "type": "call_method_static",
          "named": true
        },
        {
          "type": "chained_field_symbol_declaration",
          "named": true
        },
        {
          "type": "chained_structure_declaration",
          "named": true
        },
        {
          "type": "chained_variable_declaration",
          "named": true
        },
        {
          "type": "chained_write_statement",
          "named": true
        },
        {
          "type": "check_statement",
          "named": true
        },
        {
          "type": "class_declaration",
          "named": true
        },
        {
          "type": "class_implementation",
          "named": true
        },
        {
          "type": "class_local_friend_publication",
          "named": true
        },
        {
          "type": "class_publication",
          "named": true
        },
        {
          "type": "clear_statement",
          "named": true
        },
        {
          "type": "continue_statement",
          "named": true
        },
        {
          "type": "create_object_statement",
          "named": true
        },
        {
          "type": "exit_statement",
          "named": true
        },
        {
          "type": "field_symbol_declaration",
          "named": true
        },
        {
          "type": "function_implementation",
          "named": true
        },
        {
          "type": "if_statement",
          "named": true
        },
        {
          "type": "include_statement",
          "named": true
        },
        {
          "type": "interface_declaration",
          "named": true
        },
        {
          "type": "loop_statement",
          "named": true
        },
        {
          "type": "macro_include",
          "named": true
        },
        {
          "type": "raise_exception_statement",
          "named": true
        },
        {
          "type": "raise_statement",
          "named": true
        },
        {
          "type": "read_table_statement",
          "named": true
        },
        {
          "type": "report_statement",
          "named": true
        },
        {
          "type": "return_statement",
          "named": true
        },
        {
          "type": "select_statement_obsolete",
          "named": true
        },
        {
          "type": "try_catch_statement",
          "named": true
        },
        {
          "type": "variable_declaration",
          "named": true
        },
        {
          "type": "write_statement",
          "named": true
        }
      ]
    }
  },
  {
    "type": "catch_statement",
    "named": true,
    "fields": {
      "exception": {
        "multiple": false,
        "required": true,
        "types": [
          {
            "type": "name",
            "named": true
          }
        ]
      },
      "oref": {
        "multiple": false,
        "required": false,
        "types": [
          {
            "type": "name",
            "named": true
          }
        ]
      }
    },
    "children": {
      "multiple": false,
      "required": false,
      "types": [
        {
          "type": "catch_block",
          "named": true
        }
      ]
    }
  },
  {
    "type": "chained_field_symbol_declaration",
    "named": true,
    "fields": {},
    "children": {
      "multiple": true,
      "required": true,
      "types": [
        {
          "type": "field_symbol",
          "named": true
        }
      ]
    }
  },
  {
    "type": "chained_structure_declaration",
    "named": true,
    "fields": {},
    "children": {
      "multiple": true,
      "required": true,
      "types": [
        {
          "type": "structure_components",
          "named": true
        },
        {
          "type": "strucure_name",
          "named": true
        }
      ]
    }
  },
  {
    "type": "chained_variable_declaration",
    "named": true,
    "fields": {},
    "children": {
      "multiple": true,
      "required": true,
      "types": [
        {
          "type": "variable",
          "named": true
        }
      ]
    }
  },
  {
    "type": "chained_write_statement",
    "named": true,
    "fields": {},
    "children": {
      "multiple": true,
      "required": true,
      "types": [
        {
          "type": "arithmetic_expression",
          "named": true
        },
        {
          "type": "attribute_access_static",
          "named": true
        },
        {
          "type": "character_literal",
          "named": true
        },
        {
          "type": "field_symbol_name",
          "named": true
        },
        {
          "type": "name",
          "named": true
        },
        {
          "type": "numeric_literal",
          "named": true
        },
        {
          "type": "structured_data_object",
          "named": true
        }
      ]
    }
  },
  {
    "type": "check_statement",
    "named": true,
    "fields": {},
    "children": {
      "multiple": true,
      "required": true,
      "types": [
        {
          "type": "comparison_expression",
          "named": true
        },
        {
          "type": "name",
          "named": true
        }
      ]
    }
  },
  {
    "type": "class_constructor_declaration",
    "named": true,
    "fields": {}
  },
  {
    "type": "class_declaration",
    "named": true,
    "fields": {
      "friends": {
        "multiple": true,
        "required": false,
        "types": [
          {
            "type": "name",
            "named": true
          }
        ]
      },
      "name": {
        "multiple": false,
        "required": true,
        "types": [
          {
            "type": "name",
            "named": true
          }
        ]
      },
      "superclass": {
        "multiple": false,
        "required": false,
        "types": [
          {
            "type": "name",
            "named": true
          }
        ]
      }
    },
    "children": {
      "multiple": true,
      "required": false,
      "types": [
        {
          "type": "private_section",
          "named": true
        },
        {
          "type": "protected_section",
          "named": true
        },
        {
          "type": "public_section",
          "named": true
        }
      ]
    }
  },
  {
    "type": "class_implementation",
    "named": true,
    "fields": {
      "name": {
        "multiple": false,
        "required": true,
        "types": [
          {
            "type": "name",
            "named": true
          }
        ]
      }
    },
    "children": {
      "multiple": true,
      "required": false,
      "types": [
        {
          "type": "method_implementation",
          "named": true
        }
      ]
    }
  },
  {
    "type": "class_local_friend_publication",
    "named": true,
    "fields": {
      "friends": {
        "multiple": true,
        "required": true,
        "types": [
          {
            "type": "name",
            "named": true
          }
        ]
      },
      "name": {
        "multiple": false,
        "required": true,
        "types": [
          {
            "type": "name",
            "named": true
          }
        ]
      }
    }
  },
  {
    "type": "class_method_declaration",
    "named": true,
    "fields": {
      "changing_parameters": {
        "multiple": true,
        "required": false,
        "types": [
          {
            "type": "changing",
            "named": false
          },
          {
            "type": "method_parameters",
            "named": true
          }
        ]
      },
      "exceptions": {
        "multiple": true,
        "required": false,
        "types": [
          {
            "type": "exceptions",
            "named": false
          },
          {
            "type": "name",
            "named": true
          }
        ]
      },
      "exporting_parameters": {
        "multiple": true,
        "required": false,
        "types": [
          {
            "type": "exporting",
            "named": false
          },
          {
            "type": "method_parameters",
            "named": true
          }
        ]
      },
      "importing_parameters": {
        "multiple": true,
        "required": false,
        "types": [
          {
            "type": "importing",
            "named": false
          },
          {
            "type": "method_parameters",
            "named": true
          }
        ]
      },
      "name": {
        "multiple": false,
        "required": true,
        "types": [
          {
            "type": "name",
            "named": true
          }
        ]
      },
      "raising": {
        "multiple": true,
        "required": false,
        "types": [
          {
            "type": "(",
            "named": false
          },
          {
            "type": ")",
            "named": false
          },
          {
            "type": "name",
            "named": true
          },
          {
            "type": "raising",
            "named": false
          },
          {
            "type": "resumable",
            "named": false
          }
        ]
      }
    },
    "children": {
      "multiple": false,
      "required": false,
      "types": [
        {
          "type": "returning_parameter",
          "named": true
        }
      ]
    }
  },
  {
    "type": "class_publication",
    "named": true,
    "fields": {
      "name": {
        "multiple": false,
        "required": true,
        "types": [
          {
            "type": "name",
            "named": true
          }
        ]
      }
    }
  },
  {
    "type": "clear_statement",
    "named": true,
    "fields": {},
    "children": {
      "multiple": false,
      "required": true,
      "types": [
        {
          "type": "attribute_access_static",
          "named": true
        },
        {
          "type": "field_symbol_name",
          "named": true
        },
        {
          "type": "name",
          "named": true
        },
        {
          "type": "structured_data_object",
          "named": true
        }
      ]
    }
  },
  {
    "type": "comp_spec",
    "named": true,
    "fields": {
      "component": {
        "multiple": false,
        "required": true,
        "types": [
          {
            "type": "name",
            "named": true
          }
        ]
      },
      "operand": {
        "multiple": false,
        "required": true,
        "types": [
          {
            "type": "arithmetic_expression",
            "named": true
          },
          {
            "type": "attribute_access_static",
            "named": true
          },
          {
            "type": "character_literal",
            "named": true
          },
          {
            "type": "field_symbol_name",
            "named": true
          },
          {
            "type": "name",
            "named": true
          },
          {
            "type": "numeric_literal",
            "named": true
          },
          {
            "type": "structured_data_object",
            "named": true
          }
        ]
      }
    }
  },
  {
    "type": "comparison_expression",
    "named": true,
    "fields": {},
    "children": {
      "multiple": true,
      "required": true,
      "types": [
        {
          "type": "arithmetic_expression",
          "named": true
        },
        {
          "type": "attribute_access_static",
          "named": true
        },
        {
          "type": "character_literal",
          "named": true
        },
        {
          "type": "field_symbol_name",
          "named": true
        },
        {
          "type": "name",
          "named": true
        },
        {
          "type": "numeric_literal",
          "named": true
        },
        {
          "type": "structured_data_object",
          "named": true
        }
      ]
    }
  },
  {
    "type": "complete_typing",
    "named": true,
    "fields": {},
    "children": {
      "multiple": false,
      "required": true,
      "types": [
        {
          "type": "type",
          "named": true
        }
      ]
    }
  },
  {
    "type": "constructor_declaration",
    "named": true,
    "fields": {
      "exceptions": {
        "multiple": true,
        "required": false,
        "types": [
          {
            "type": "exceptions",
            "named": false
          },
          {
            "type": "name",
            "named": true
          }
        ]
      },
      "importing_parameters": {
        "multiple": true,
        "required": false,
        "types": [
          {
            "type": "importing",
            "named": false
          },
          {
            "type": "method_parameters",
            "named": true
          }
        ]
      },
      "raising": {
        "multiple": true,
        "required": false,
        "types": [
          {
            "type": "(",
            "named": false
          },
          {
            "type": ")",
            "named": false
          },
          {
            "type": "name",
            "named": true
          },
          {
            "type": "raising",
            "named": false
          },
          {
            "type": "resumable",
            "named": false
          }
        ]
      }
    }
  },
  {
    "type": "continue_statement",
    "named": true,
    "fields": {}
  },
  {
    "type": "create_object_statement",
    "named": true,
    "fields": {
      "parameters": {
        "multiple": false,
        "required": false,
        "types": [
          {
            "type": "parameter_list",
            "named": true
          }
        ]
      }
    },
    "children": {
      "multiple": false,
      "required": true,
      "types": [
        {
          "type": "name",
          "named": true
        }
      ]
    }
  },
  {
    "type": "eol_comment",
    "named": true,
    "fields": {}
  },
  {
    "type": "exception_list",
    "named": true,
    "fields": {},
    "children": {
      "multiple": true,
      "required": true,
      "types": [
        {
          "type": "return_code_binding",
          "named": true
        }
      ]
    }
  },
  {
    "type": "exit_statement",
    "named": true,
    "fields": {}
  },
  {
    "type": "field_symbol",
    "named": true,
    "fields": {},
    "children": {
      "multiple": true,
      "required": true,
      "types": [
        {
          "type": "complete_typing",
          "named": true
        },
        {
          "type": "generic_typing",
          "named": true
        },
        {
          "type": "name",
          "named": true
        }
      ]
    }
  },
  {
    "type": "field_symbol_declaration",
    "named": true,
    "fields": {},
    "children": {
      "multiple": true,
      "required": true,
      "types": [
        {
          "type": "complete_typing",
          "named": true
        },
        {
          "type": "generic_typing",
          "named": true
        },
        {
          "type": "name",
          "named": true
        }
      ]
    }
  },
  {
    "type": "for_all_entries",
    "named": true,
    "fields": {},
    "children": {
      "multiple": false,
      "required": true,
      "types": [
        {
          "type": "name",
          "named": true
        }
      ]
    }
  },
  {
    "type": "free_key",
    "named": true,
    "fields": {},
    "children": {
      "multiple": true,
      "required": true,
      "types": [
        {
          "type": "comp_spec",
          "named": true
        }
      ]
    }
  },
  {
    "type": "function_implementation",
    "named": true,
    "fields": {
      "name": {
        "multiple": false,
        "required": true,
        "types": [
          {
            "type": "name",
            "named": true
          }
        ]
      }
    },
    "children": {
      "multiple": true,
      "required": false,
      "types": [
        {
          "type": "append_statement",
          "named": true
        },
        {
          "type": "append_statement_obsolete",
          "named": true
        },
        {
          "type": "assignment",
          "named": true
        },
        {
          "type": "call_function",
          "named": true
        },
        {
          "type": "call_method",
          "named": true
        },
        {
          "type": "call_method_instance",
          "named": true
        },
        {
          "type": "call_method_static",
          "named": true
        },
        {
          "type": "chained_field_symbol_declaration",
          "named": true
        },
        {
          "type": "chained_structure_declaration",
          "named": true
        },
        {
          "type": "chained_variable_declaration",
          "named": true
        },
        {
          "type": "chained_write_statement",
          "named": true
        },
        {
          "type": "check_statement",
          "named": true
        },
        {
          "type": "clear_statement",
          "named": true
        },
        {
          "type": "continue_statement",
          "named": true
        },
        {
          "type": "create_object_statement",
          "named": true
        },
        {
          "type": "exit_statement",
          "named": true
        },
        {
          "type": "field_symbol_declaration",
          "named": true
        },
        {
          "type": "if_statement",
          "named": true
        },
        {
          "type": "include_statement",
          "named": true
        },
        {
          "type": "loop_statement",
          "named": true
        },
        {
          "type": "macro_include",
          "named": true
        },
        {
          "type": "raise_exception_statement",
          "named": true
        },
        {
          "type": "raise_statement",
          "named": true
        },
        {
          "type": "read_table_statement",
          "named": true
        },
        {
          "type": "report_statement",
          "named": true
        },
        {
          "type": "return_statement",
          "named": true
        },
        {
          "type": "select_statement_obsolete",
          "named": true
        },
        {
          "type": "try_catch_statement",
          "named": true
        },
        {
          "type": "variable_declaration",
          "named": true
        },
        {
          "type": "write_statement",
          "named": true
        }
      ]
    }
  },
  {
    "type": "generic_type",
    "named": true,
    "fields": {}
  },
  {
    "type": "generic_typing",
    "named": true,
    "fields": {},
    "children": {
      "multiple": false,
      "required": true,
      "types": [
        {
          "type": "generic_type",
          "named": true
        },
        {
          "type": "name",
          "named": true
        }
      ]
    }
  },
  {
    "type": "if_statement",
    "named": true,
    "fields": {},
    "children": {
      "multiple": true,
      "required": true,
      "types": [
        {
          "type": "append_statement",
          "named": true
        },
        {
          "type": "append_statement_obsolete",
          "named": true
        },
        {
          "type": "assignment",
          "named": true
        },
        {
          "type": "call_function",
          "named": true
        },
        {
          "type": "call_method",
          "named": true
        },
        {
          "type": "call_method_instance",
          "named": true
        },
        {
          "type": "call_method_static",
          "named": true
        },
        {
          "type": "chained_field_symbol_declaration",
          "named": true
        },
        {
          "type": "chained_structure_declaration",
          "named": true
        },
        {
          "type": "chained_variable_declaration",
          "named": true
        },
        {
          "type": "chained_write_statement",
          "named": true
        },
        {
          "type": "check_statement",
          "named": true
        },
        {
          "type": "class_declaration",
          "named": true
        },
        {
          "type": "class_implementation",
          "named": true
        },
        {
          "type": "class_local_friend_publication",
          "named": true
        },
        {
          "type": "class_publication",
          "named": true
        },
        {
          "type": "clear_statement",
          "named": true
        },
        {
          "type": "comparison_expression",
          "named": true
        },
        {
          "type": "continue_statement",
          "named": true
        },
        {
          "type": "create_object_statement",
          "named": true
        },
        {
          "type": "exit_statement",
          "named": true
        },
        {
          "type": "field_symbol_declaration",
          "named": true
        },
        {
          "type": "function_implementation",
          "named": true
        },
        {
          "type": "if_statement",
          "named": true
        },
        {
          "type": "include_statement",
          "named": true
        },
        {
          "type": "interface_declaration",
          "named": true
        },
        {
          "type": "loop_statement",
          "named": true
        },
        {
          "type": "macro_include",
          "named": true
        },
        {
          "type": "name",
          "named": true
        },
        {
          "type": "raise_exception_statement",
          "named": true
        },
        {
          "type": "raise_statement",
          "named": true
        },
        {
          "type": "read_table_statement",
          "named": true
        },
        {
          "type": "report_statement",
          "named": true
        },
        {
          "type": "return_statement",
          "named": true
        },
        {
          "type": "select_statement_obsolete",
          "named": true
        },
        {
          "type": "try_catch_statement",
          "named": true
        },
        {
          "type": "variable_declaration",
          "named": true
        },
        {
          "type": "write_statement",
          "named": true
        }
      ]
    }
  },
  {
    "type": "include_statement",
    "named": true,
    "fields": {},
    "children": {
      "multiple": false,
      "required": true,
      "types": [
        {
          "type": "field_symbol_name",
          "named": true
        },
        {
          "type": "name",
          "named": true
        }
      ]
    }
  },
  {
    "type": "interface_declaration",
    "named": true,
    "fields": {
      "name": {
        "multiple": false,
        "required": true,
        "types": [
          {
            "type": "name",
            "named": true
          }
        ]
      }
    },
    "children": {
      "multiple": true,
      "required": false,
      "types": [
        {
          "type": "class_method_declaration",
          "named": true
        },
        {
          "type": "method_declaration",
          "named": true
        },
        {
          "type": "variable_declaration",
          "named": true
        }
      ]
    }
  },
  {
    "type": "line_spec",
    "named": true,
    "fields": {},
    "children": {
      "multiple": true,
      "required": true,
      "types": [
        {
          "type": "arithmetic_expression",
          "named": true
        },
        {
          "type": "attribute_access_static",
          "named": true
        },
        {
          "type": "character_literal",
          "named": true
        },
        {
          "type": "field_symbol_name",
          "named": true
        },
        {
          "type": "name",
          "named": true
        },
        {
          "type": "numeric_literal",
          "named": true
        },
        {
          "type": "structured_data_object",
          "named": true
        }
      ]
    }
  },
  {
    "type": "loop_statement",
    "named": true,
    "fields": {},
    "children": {
      "multiple": true,
      "required": true,
      "types": [
        {
          "type": "append_statement",
          "named": true
        },
        {
          "type": "append_statement_obsolete",
          "named": true
        },
        {
          "type": "arithmetic_expression",
          "named": true
        },
        {
          "type": "assignment",
          "named": true
        },
        {
          "type": "attribute_access_static",
          "named": true
        },
        {
          "type": "call_function",
          "named": true
        },
        {
          "type": "call_method",
          "named": true
        },
        {
          "type": "call_method_instance",
          "named": true
        },
        {
          "type": "call_method_static",
          "named": true
        },
        {
          "type": "chained_field_symbol_declaration",
          "named": true
        },
        {
          "type": "chained_structure_declaration",
          "named": true
        },
        {
          "type": "chained_variable_declaration",
          "named": true
        },
        {
          "type": "chained_write_statement",
          "named": true
        },
        {
          "type": "character_literal",
          "named": true
        },
        {
          "type": "check_statement",
          "named": true
        },
        {
          "type": "class_declaration",
          "named": true
        },
        {
          "type": "class_implementation",
          "named": true
        },
        {
          "type": "class_local_friend_publication",
          "named": true
        },
        {
          "type": "class_publication",
          "named": true
        },
        {
          "type": "clear_statement",
          "named": true
        },
        {
          "type": "continue_statement",
          "named": true
        },
        {
          "type": "create_object_statement",
          "named": true
        },
        {
          "type": "exit_statement",
          "named": true
        },
        {
          "type": "field_symbol_declaration",
          "named": true
        },
        {
          "type": "field_symbol_name",
          "named": true
        },
        {
          "type": "function_implementation",
          "named": true
        },
        {
          "type": "if_statement",
          "named": true
        },
        {
          "type": "include_statement",
          "named": true
        },
        {
          "type": "interface_declaration",
          "named": true
        },
        {
          "type": "itab",
          "named": true
        },
        {
          "type": "loop_statement",
          "named": true
        },
        {
          "type": "macro_include",
          "named": true
        },
        {
          "type": "name",
          "named": true
        },
        {
          "type": "numeric_literal",
          "named": true
        },
        {
          "type": "raise_exception_statement",
          "named": true
        },
        {
          "type": "raise_statement",
          "named": true
        },
        {
          "type": "read_table_statement",
          "named": true
        },
        {
          "type": "report_statement",
          "named": true
        },
        {
          "type": "result",
          "named": true
        },
        {
          "type": "return_statement",
          "named": true
        },
        {
          "type": "select_statement_obsolete",
          "named": true
        },
        {
          "type": "structured_data_object",
          "named": true
        },
        {
          "type": "try_catch_statement",
          "named": true
        },
        {
          "type": "variable_declaration",
          "named": true
        },
        {
          "type": "write_statement",
          "named": true
        }
      ]
    }
  },
  {
    "type": "macro_include",
    "named": true,
    "fields": {
      "name": {
        "multiple": false,
        "required": true,
        "types": [
          {
            "type": "name",
            "named": true
          }
        ]
      }
    },
    "children": {
      "multiple": false,
      "required": false,
      "types": [
        {
          "type": "parameter_list",
          "named": true
        }
      ]
    }
  },
  {
    "type": "method_body",
    "named": true,
    "fields": {},
    "children": {
      "multiple": true,
      "required": true,
      "types": [
        {
          "type": "append_statement",
          "named": true
        },
        {
          "type": "append_statement_obsolete",
          "named": true
        },
        {
          "type": "assignment",
          "named": true
        },
        {
          "type": "call_function",
          "named": true
        },
        {
          "type": "call_method",
          "named": true
        },
        {
          "type": "call_method_instance",
          "named": true
        },
        {
          "type": "call_method_static",
          "named": true
        },
        {
          "type": "chained_field_symbol_declaration",
          "named": true
        },
        {
          "type": "chained_structure_declaration",
          "named": true
        },
        {
          "type": "chained_variable_declaration",
          "named": true
        },
        {
          "type": "chained_write_statement",
          "named": true
        },
        {
          "type": "check_statement",
          "named": true
        },
        {
          "type": "clear_statement",
          "named": true
        },
        {
          "type": "continue_statement",
          "named": true
        },
        {
          "type": "create_object_statement",
          "named": true
        },
        {
          "type": "exit_statement",
          "named": true
        },
        {
          "type": "field_symbol_declaration",
          "named": true
        },
        {
          "type": "if_statement",
          "named": true
        },
        {
          "type": "include_statement",
          "named": true
        },
        {
          "type": "loop_statement",
          "named": true
        },
        {
          "type": "macro_include",
          "named": true
        },
        {
          "type": "raise_exception_statement",
          "named": true
        },
        {
          "type": "raise_statement",
          "named": true
        },
        {
          "type": "read_table_statement",
          "named": true
        },
        {
          "type": "report_statement",
          "named": true
        },
        {
          "type": "return_statement",
          "named": true
        },
        {
          "type": "select_statement_obsolete",
          "named": true
        },
        {
          "type": "try_catch_statement",
          "named": true
        },
        {
          "type": "variable_declaration",
          "named": true
        },
        {
          "type": "write_statement",
          "named": true
        }
      ]
    }
  },
  {
    "type": "method_declaration",
    "named": true,
    "fields": {
      "changing_parameters": {
        "multiple": true,
        "required": false,
        "types": [
          {
            "type": "changing",
            "named": false
          },
          {
            "type": "method_parameters",
            "named": true
          }
        ]
      },
      "exceptions": {
        "multiple": true,
        "required": false,
        "types": [
          {
            "type": "exceptions",
            "named": false
          },
          {
            "type": "name",
            "named": true
          }
        ]
      },
      "exporting_parameters": {
        "multiple": true,
        "required": false,
        "types": [
          {
            "type": "exporting",
            "named": false
          },
          {
            "type": "method_parameters",
            "named": true
          }
        ]
      },
      "importing_parameters": {
        "multiple": true,
        "required": false,
        "types": [
          {
            "type": "importing",
            "named": false
          },
          {
            "type": "method_parameters",
            "named": true
          }
        ]
      },
      "name": {
        "multiple": false,
        "required": true,
        "types": [
          {
            "type": "name",
            "named": true
          }
        ]
      },
      "raising": {
        "multiple": true,
        "required": false,
        "types": [
          {
            "type": "(",
            "named": false
          },
          {
            "type": ")",
            "named": false
          },
          {
            "type": "name",
            "named": true
          },
          {
            "type": "raising",
            "named": false
          },
          {
            "type": "resumable",
            "named": false
          }
        ]
      }
    },
    "children": {
      "multiple": false,
      "required": false,
      "types": [
        {
          "type": "returning_parameter",
          "named": true
        }
      ]
    }
  },
  {
    "type": "method_implementation",
    "named": true,
    "fields": {
      "name": {
        "multiple": false,
        "required": true,
        "types": [
          {
            "type": "name",
            "named": true
          }
        ]
      }
    },
    "children": {
      "multiple": false,
      "required": false,
      "types": [
        {
          "type": "method_body",
          "named": true
        }
      ]
    }
  },
  {
    "type": "method_parameters",
    "named": true,
    "fields": {},
    "children": {
      "multiple": true,
      "required": true,
      "types": [
        {
          "type": "complete_typing",
          "named": true
        },
        {
          "type": "generic_typing",
          "named": true
        },
        {
          "type": "name",
          "named": true
        }
      ]
    }
  },
  {
    "type": "method_redefinition",
    "named": true,
    "fields": {},
    "children": {
      "multiple": false,
      "required": true,
      "types": [
        {
          "type": "name",
          "named": true
        }
      ]
    }
  },
  {
    "type": "parameter_binding",
    "named": true,
    "fields": {
      "actual_parameter": {
        "multiple": false,
        "required": true,
        "types": [
          {
            "type": "arithmetic_expression",
            "named": true
          },
          {
            "type": "attribute_access_static",
            "named": true
          },
          {
            "type": "character_literal",
            "named": true
          },
          {
            "type": "field_symbol_name",
            "named": true
          },
          {
            "type": "name",
            "named": true
          },
          {
            "type": "numeric_literal",
            "named": true
          },
          {
            "type": "structured_data_object",
            "named": true
          }
        ]
      },
      "formal_parameter": {
        "multiple": false,
        "required": true,
        "types": [
          {
            "type": "name",
            "named": true
          }
        ]
      }
    }
  },
  {
    "type": "parameter_list",
    "named": true,
    "fields": {},
    "children": {
      "multiple": true,
      "required": true,
      "types": [
        {
          "type": "arithmetic_expression",
          "named": true
        },
        {
          "type": "attribute_access_static",
          "named": true
        },
        {
          "type": "character_literal",
          "named": true
        },
        {
          "type": "field_symbol_name",
          "named": true
        },
        {
          "type": "name",
          "named": true
        },
        {
          "type": "numeric_literal",
          "named": true
        },
        {
          "type": "parameter_binding",
          "named": true
        },
        {
          "type": "structured_data_object",
          "named": true
        }
      ]
    }
  },
  {
    "type": "private_section",
    "named": true,
    "fields": {},
    "children": {
      "multiple": true,
      "required": false,
      "types": [
        {
          "type": "class_constructor_declaration",
          "named": true
        },
        {
          "type": "class_method_declaration",
          "named": true
        },
        {
          "type": "constructor_declaration",
          "named": true
        },
        {
          "type": "method_declaration",
          "named": true
        },
        {
          "type": "method_redefinition",
          "named": true
        },
        {
          "type": "variable_declaration",
          "named": true
        }
      ]
    }
  },
  {
    "type": "program",
    "named": true,
    "fields": {},
    "children": {
      "multiple": true,
      "required": false,
      "types": [
        {
          "type": "append_statement",
          "named": true
        },
        {
          "type": "append_statement_obsolete",
          "named": true
        },
        {
          "type": "assignment",
          "named": true
        },
        {
          "type": "call_function",
          "named": true
        },
        {
          "type": "call_method",
          "named": true
        },
        {
          "type": "call_method_instance",
          "named": true
        },
        {
          "type": "call_method_static",
          "named": true
        },
        {
          "type": "chained_field_symbol_declaration",
          "named": true
        },
        {
          "type": "chained_structure_declaration",
          "named": true
        },
        {
          "type": "chained_variable_declaration",
          "named": true
        },
        {
          "type": "chained_write_statement",
          "named": true
        },
        {
          "type": "check_statement",
          "named": true
        },
        {
          "type": "class_declaration",
          "named": true
        },
        {
          "type": "class_implementation",
          "named": true
        },
        {
          "type": "class_local_friend_publication",
          "named": true
        },
        {
          "type": "class_publication",
          "named": true
        },
        {
          "type": "clear_statement",
          "named": true
        },
        {
          "type": "continue_statement",
          "named": true
        },
        {
          "type": "create_object_statement",
          "named": true
        },
        {
          "type": "exit_statement",
          "named": true
        },
        {
          "type": "field_symbol_declaration",
          "named": true
        },
        {
          "type": "function_implementation",
          "named": true
        },
        {
          "type": "if_statement",
          "named": true
        },
        {
          "type": "include_statement",
          "named": true
        },
        {
          "type": "interface_declaration",
          "named": true
        },
        {
          "type": "loop_statement",
          "named": true
        },
        {
          "type": "macro_include",
          "named": true
        },
        {
          "type": "raise_exception_statement",
          "named": true
        },
        {
          "type": "raise_statement",
          "named": true
        },
        {
          "type": "read_table_statement",
          "named": true
        },
        {
          "type": "report_statement",
          "named": true
        },
        {
          "type": "return_statement",
          "named": true
        },
        {
          "type": "select_statement_obsolete",
          "named": true
        },
        {
          "type": "try_catch_statement",
          "named": true
        },
        {
          "type": "variable_declaration",
          "named": true
        },
        {
          "type": "write_statement",
          "named": true
        }
      ]
    }
  },
  {
    "type": "protected_section",
    "named": true,
    "fields": {},
    "children": {
      "multiple": true,
      "required": false,
      "types": [
        {
          "type": "class_constructor_declaration",
          "named": true
        },
        {
          "type": "class_method_declaration",
          "named": true
        },
        {
          "type": "constructor_declaration",
          "named": true
        },
        {
          "type": "method_declaration",
          "named": true
        },
        {
          "type": "method_redefinition",
          "named": true
        },
        {
          "type": "variable_declaration",
          "named": true
        }
      ]
    }
  },
  {
    "type": "public_section",
    "named": true,
    "fields": {},
    "children": {
      "multiple": true,
      "required": false,
      "types": [
        {
          "type": "class_constructor_declaration",
          "named": true
        },
        {
          "type": "class_method_declaration",
          "named": true
        },
        {
          "type": "constructor_declaration",
          "named": true
        },
        {
          "type": "method_declaration",
          "named": true
        },
        {
          "type": "method_redefinition",
          "named": true
        },
        {
          "type": "variable_declaration",
          "named": true
        }
      ]
    }
  },
  {
    "type": "raise_exception_statement",
    "named": true,
    "fields": {
      "class": {
        "multiple": false,
        "required": false,
        "types": [
          {
            "type": "name",
            "named": true
          }
        ]
      },
      "oref": {
        "multiple": false,
        "required": false,
        "types": [
          {
            "type": "name",
            "named": true
          }
        ]
      },
      "parameters": {
        "multiple": true,
        "required": false,
        "types": [
          {
            "type": "exporting",
            "named": false
          },
          {
            "type": "parameter_list",
            "named": true
          }
        ]
      }
    }
  },
  {
    "type": "raise_statement",
    "named": true,
    "fields": {},
    "children": {
      "multiple": false,
      "required": true,
      "types": [
        {
          "type": "name",
          "named": true
        }
      ]
    }
  },
  {
    "type": "read_table_statement",
    "named": true,
    "fields": {},
    "children": {
      "multiple": true,
      "required": true,
      "types": [
        {
          "type": "line_spec",
          "named": true
        },
        {
          "type": "name",
          "named": true
        }
      ]
    }
  },
  {
    "type": "report_statement",
    "named": true,
    "fields": {},
    "children": {
      "multiple": false,
      "required": true,
      "types": [
        {
          "type": "name",
          "named": true
        }
      ]
    }
  },
  {
    "type": "return_code_binding",
    "named": true,
    "fields": {
      "exception": {
        "multiple": false,
        "required": true,
        "types": [
          {
            "type": "name",
            "named": true
          }
        ]
      },
      "return_code": {
        "multiple": false,
        "required": true,
        "types": [
          {
            "type": "numeric_literal",
            "named": true
          }
        ]
      }
    }
  },
  {
    "type": "return_statement",
    "named": true,
    "fields": {}
  },
  {
    "type": "returning_parameter",
    "named": true,
    "fields": {},
    "children": {
      "multiple": true,
      "required": true,
      "types": [
        {
          "type": "complete_typing",
          "named": true
        },
        {
          "type": "name",
          "named": true
        }
      ]
    }
  },
  {
    "type": "select_list",
    "named": true,
    "fields": {}
  },
  {
    "type": "select_statement_obsolete",
    "named": true,
    "fields": {},
    "children": {
      "multiple": true,
      "required": true,
      "types": [
        {
          "type": "arithmetic_expression",
          "named": true
        },
        {
          "type": "attribute_access_static",
          "named": true
        },
        {
          "type": "character_literal",
          "named": true
        },
        {
          "type": "data_source",
          "named": true
        },
        {
          "type": "field_symbol_name",
          "named": true
        },
        {
          "type": "for_all_entries",
          "named": true
        },
        {
          "type": "name",
          "named": true
        },
        {
          "type": "numeric_literal",
          "named": true
        },
        {
          "type": "select_list",
          "named": true
        },
        {
          "type": "structured_data_object",
          "named": true
        },
        {
          "type": "target",
          "named": true
        },
        {
          "type": "where",
          "named": true
        }
      ]
    }
  },
  {
    "type": "structure_component",
    "named": true,
    "fields": {},
    "children": {
      "multiple": true,
      "required": true,
      "types": [
        {
          "type": "complete_typing",
          "named": true
        },
        {
          "type": "generic_typing",
          "named": true
        },
        {
          "type": "name",
          "named": true
        }
      ]
    }
  },
  {
    "type": "structure_components",
    "named": true,
    "fields": {},
    "children": {
      "multiple": true,
      "required": true,
      "types": [
        {
          "type": "structure_component",
          "named": true
        }
      ]
    }
  },
  {
    "type": "structured_data_object",
    "named": true,
    "fields": {},
    "children": {
      "multiple": true,
      "required": true,
      "types": [
        {
          "type": "component_name",
          "named": true
        },
        {
          "type": "structure_name",
          "named": true
        }
      ]
    }
  },
  {
    "type": "table_expression",
    "named": true,
    "fields": {
      "itab": {
        "multiple": false,
        "required": true,
        "types": [
          {
            "type": "name",
            "named": true
          }
        ]
      },
      "line_spec": {
        "multiple": false,
        "required": true,
        "types": [
          {
            "type": "arithmetic_expression",
            "named": true
          },
          {
            "type": "attribute_access_static",
            "named": true
          },
          {
            "type": "character_literal",
            "named": true
          },
          {
            "type": "field_symbol_name",
            "named": true
          },
          {
            "type": "free_key",
            "named": true
          },
          {
            "type": "name",
            "named": true
          },
          {
            "type": "numeric_literal",
            "named": true
          },
          {
            "type": "structured_data_object",
            "named": true
          }
        ]
      }
    }
  },
  {
    "type": "target",
    "named": true,
    "fields": {},
    "children": {
      "multiple": true,
      "required": true,
      "types": [
        {
          "type": "name",
          "named": true
        }
      ]
    }
  },
  {
    "type": "try_block",
    "named": true,
    "fields": {},
    "children": {
      "multiple": true,
      "required": true,
      "types": [
        {
          "type": "append_statement",
          "named": true
        },
        {
          "type": "append_statement_obsolete",
          "named": true
        },
        {
          "type": "assignment",
          "named": true
        },
        {
          "type": "call_function",
          "named": true
        },
        {
          "type": "call_method",
          "named": true
        },
        {
          "type": "call_method_instance",
          "named": true
        },
        {
          "type": "call_method_static",
          "named": true
        },
        {
          "type": "chained_field_symbol_declaration",
          "named": true
        },
        {
          "type": "chained_structure_declaration",
          "named": true
        },
        {
          "type": "chained_variable_declaration",
          "named": true
        },
        {
          "type": "chained_write_statement",
          "named": true
        },
        {
          "type": "check_statement",
          "named": true
        },
        {
          "type": "class_declaration",
          "named": true
        },
        {
          "type": "class_implementation",
          "named": true
        },
        {
          "type": "class_local_friend_publication",
          "named": true
        },
        {
          "type": "class_publication",
          "named": true
        },
        {
          "type": "clear_statement",
          "named": true
        },
        {
          "type": "continue_statement",
          "named": true
        },
        {
          "type": "create_object_statement",
          "named": true
        },
        {
          "type": "exit_statement",
          "named": true
        },
        {
          "type": "field_symbol_declaration",
          "named": true
        },
        {
          "type": "function_implementation",
          "named": true
        },
        {
          "type": "if_statement",
          "named": true
        },
        {
          "type": "include_statement",
          "named": true
        },
        {
          "type": "interface_declaration",
          "named": true
        },
        {
          "type": "loop_statement",
          "named": true
        },
        {
          "type": "macro_include",
          "named": true
        },
        {
          "type": "raise_exception_statement",
          "named": true
        },
        {
          "type": "raise_statement",
          "named": true
        },
        {
          "type": "read_table_statement",
          "named": true
        },
        {
          "type": "report_statement",
          "named": true
        },
        {
          "type": "return_statement",
          "named": true
        },
        {
          "type": "select_statement_obsolete",
          "named": true
        },
        {
          "type": "try_catch_statement",
          "named": true
        },
        {
          "type": "variable_declaration",
          "named": true
        },
        {
          "type": "write_statement",
          "named": true
        }
      ]
    }
  },
  {
    "type": "try_catch_statement",
    "named": true,
    "fields": {},
    "children": {
      "multiple": true,
      "required": false,
      "types": [
        {
          "type": "catch_statement",
          "named": true
        },
        {
          "type": "try_block",
          "named": true
        }
      ]
    }
  },
  {
    "type": "typing",
    "named": true,
    "fields": {},
    "children": {
      "multiple": true,
      "required": true,
      "types": [
        {
          "type": "attribute_access_static",
          "named": true
        },
        {
          "type": "field_symbol_name",
          "named": true
        },
        {
          "type": "name",
          "named": true
        },
        {
          "type": "structured_data_object",
          "named": true
        },
        {
          "type": "type",
          "named": true
        }
      ]
    }
  },
  {
    "type": "variable",
    "named": true,
    "fields": {},
    "children": {
      "multiple": true,
      "required": true,
      "types": [
        {
          "type": "name",
          "named": true
        },
        {
          "type": "typing",
          "named": true
        }
      ]
    }
  },
  {
    "type": "variable_declaration",
    "named": true,
    "fields": {
      "name": {
        "multiple": false,
        "required": true,
        "types": [
          {
            "type": "name",
            "named": true
          }
        ]
      },
      "typing": {
        "multiple": false,
        "required": true,
        "types": [
          {
            "type": "typing",
            "named": true
          }
        ]
      }
    }
  },
  {
    "type": "where",
    "named": true,
    "fields": {},
    "children": {
      "multiple": true,
      "required": true,
      "types": [
        {
          "type": "comparison_expression",
          "named": true
        },
        {
          "type": "name",
          "named": true
        }
      ]
    }
  },
  {
    "type": "write_statement",
    "named": true,
    "fields": {},
    "children": {
      "multiple": false,
      "required": true,
      "types": [
        {
          "type": "arithmetic_expression",
          "named": true
        },
        {
          "type": "attribute_access_static",
          "named": true
        },
        {
          "type": "character_literal",
          "named": true
        },
        {
          "type": "field_symbol_name",
          "named": true
        },
        {
          "type": "name",
          "named": true
        },
        {
          "type": "numeric_literal",
          "named": true
        },
        {
          "type": "structured_data_object",
          "named": true
        }
      ]
    }
  },
  {
    "type": " ( ",
    "named": false
  },
  {
    "type": " ) ",
    "named": false
  },
  {
    "type": "!",
    "named": false
  },
  {
    "type": "\"",
    "named": false
  },
  {
    "type": "(",
    "named": false
  },
  {
    "type": ")",
    "named": false
  },
  {
    "type": "*",
    "named": false
  },
  {
    "type": "**",
    "named": false
  },
  {
    "type": "+",
    "named": false
  },
  {
    "type": ",",
    "named": false
  },
  {
    "type": "-",
    "named": false
  },
  {
    "type": "->",
    "named": false
  },
  {
    "type": ".",
    "named": false
  },
  {
    "type": "/",
    "named": false
  },
  {
    "type": ":",
    "named": false
  },
  {
    "type": "<>",
    "named": false
  },
  {
    "type": "=",
    "named": false
  },
  {
    "type": "=>",
    "named": false
  },
  {
    "type": "DIV",
    "named": false
  },
  {
    "type": "MOD",
    "named": false
  },
  {
    "type": "[ ",
    "named": false
  },
  {
    "type": "]",
    "named": false
  },
  {
    "type": "abstract",
    "named": false
  },
  {
    "type": "all",
    "named": false
  },
  {
    "type": "and",
    "named": false
  },
  {
    "type": "any",
    "named": false
  },
  {
    "type": "append",
    "named": false
  },
  {
    "type": "appending",
    "named": false
  },
  {
    "type": "assigning",
    "named": false
  },
  {
    "type": "at",
    "named": false
  },
  {
    "type": "begin",
    "named": false
  },
  {
    "type": "binary",
    "named": false
  },
  {
    "type": "call",
    "named": false
  },
  {
    "type": "catch",
    "named": false
  },
  {
    "type": "changing",
    "named": false
  },
  {
    "type": "character_literal",
    "named": true
  },
  {
    "type": "check",
    "named": false
  },
  {
    "type": "class",
    "named": false
  },
  {
    "type": "class-methods",
    "named": false
  },
  {
    "type": "class_constructor",
    "named": false
  },
  {
    "type": "clear",
    "named": false
  },
  {
    "type": "component_name",
    "named": true
  },
  {
    "type": "constructor",
    "named": false
  },
  {
    "type": "continue",
    "named": false
  },
  {
    "type": "corresponding",
    "named": false
  },
  {
    "type": "create",
    "named": false
  },
  {
    "type": "data",
    "named": false
  },
  {
    "type": "data_source",
    "named": true
  },
  {
    "type": "default",
    "named": false
  },
  {
    "type": "deferred",
    "named": false
  },
  {
    "type": "definition",
    "named": false
  },
  {
    "type": "enabled",
    "named": false
  },
  {
    "type": "end",
    "named": false
  },
  {
    "type": "endclass",
    "named": false
  },
  {
    "type": "endfunction",
    "named": false
  },
  {
    "type": "endif",
    "named": false
  },
  {
    "type": "endinterface",
    "named": false
  },
  {
    "type": "endloop",
    "named": false
  },
  {
    "type": "endmethod",
    "named": false
  },
  {
    "type": "endtry",
    "named": false
  },
  {
    "type": "entries",
    "named": false
  },
  {
    "type": "eq",
    "named": false
  },
  {
    "type": "exception",
    "named": false
  },
  {
    "type": "exceptions",
    "named": false
  },
  {
    "type": "exit",
    "named": false
  },
  {
    "type": "exporting",
    "named": false
  },
  {
    "type": "fail",
    "named": false
  },
  {
    "type": "field-symbols",
    "named": false
  },
  {
    "type": "field_symbol_name",
    "named": true
  },
  {
    "type": "fields",
    "named": false
  },
  {
    "type": "final",
    "named": false
  },
  {
    "type": "for",
    "named": false
  },
  {
    "type": "found",
    "named": false
  },
  {
    "type": "friends",
    "named": false
  },
  {
    "type": "from",
    "named": false
  },
  {
    "type": "function",
    "named": false
  },
  {
    "type": "global",
    "named": false
  },
  {
    "type": "hashed",
    "named": false
  },
  {
    "type": "if",
    "named": false
  },
  {
    "type": "ignore",
    "named": false
  },
  {
    "type": "implementation",
    "named": false
  },
  {
    "type": "importing",
    "named": false
  },
  {
    "type": "in",
    "named": false
  },
  {
    "type": "include",
    "named": false
  },
  {
    "type": "inheriting",
    "named": false
  },
  {
    "type": "initial",
    "named": false
  },
  {
    "type": "interface",
    "named": false
  },
  {
    "type": "into",
    "named": false
  },
  {
    "type": "is",
    "named": false
  },
  {
    "type": "itab",
    "named": true
  },
  {
    "type": "key",
    "named": false
  },
  {
    "type": "like",
    "named": false
  },
  {
    "type": "line",
    "named": false
  },
  {
    "type": "local",
    "named": false
  },
  {
    "type": "loop",
    "named": false
  },
  {
    "type": "memory",
    "named": false
  },
  {
    "type": "method",
    "named": false
  },
  {
    "type": "methods",
    "named": false
  },
  {
    "type": "name",
    "named": true
  },
  {
    "type": "ne",
    "named": false
  },
  {
    "type": "no",
    "named": false
  },
  {
    "type": "not",
    "named": false
  },
  {
    "type": "numeric_literal",
    "named": true
  },
  {
    "type": "object",
    "named": false
  },
  {
    "type": "of",
    "named": false
  },
  {
    "type": "optional",
    "named": false
  },
  {
    "type": "or",
    "named": false
  },
  {
    "type": "private",
    "named": false
  },
  {
    "type": "protected",
    "named": false
  },
  {
    "type": "public",
    "named": false
  },
  {
    "type": "raise",
    "named": false
  },
  {
    "type": "raising",
    "named": false
  },
  {
    "type": "read",
    "named": false
  },
  {
    "type": "read-only",
    "named": false
  },
  {
    "type": "receiving",
    "named": false
  },
  {
    "type": "redefinition",
    "named": false
  },
  {
    "type": "ref",
    "named": false
  },
  {
    "type": "reference",
    "named": false
  },
  {
    "type": "report",
    "named": false
  },
  {
    "type": "result",
    "named": true
  },
  {
    "type": "resumable",
    "named": false
  },
  {
    "type": "return",
    "named": false
  },
  {
    "type": "returning",
    "named": false
  },
  {
    "type": "rows",
    "named": false
  },
  {
    "type": "search",
    "named": false
  },
  {
    "type": "section",
    "named": false
  },
  {
    "type": "select",
    "named": false
  },
  {
    "type": "shared",
    "named": false
  },
  {
    "type": "sorted",
    "named": false
  },
  {
    "type": "standard",
    "named": false
  },
  {
    "type": "step",
    "named": false
  },
  {
    "type": "structure_name",
    "named": true
  },
  {
    "type": "strucure_name",
    "named": true
  },
  {
    "type": "table",
    "named": false
  },
  {
    "type": "to",
    "named": false
  },
  {
    "type": "transporting",
    "named": false
  },
  {
    "type": "try",
    "named": false
  },
  {
    "type": "type",
    "named": false
  },
  {
    "type": "type",
    "named": true
  },
  {
    "type": "up",
    "named": false
  },
  {
    "type": "value",
    "named": false
  },
  {
    "type": "where",
    "named": false
  },
  {
    "type": "with",
    "named": false
  },
  {
    "type": "write",
    "named": false
  }
]